Index,Country,Cities,DateTime,Latitude,Longitude,Weather,Humidity,Temperature,Max Temperature,Cloudiness,Wind Speed
0,NZ,Te Anau,1657450094,-45.4167,167.7167,scattered clouds,94,-0.54,-0.54,39,0.84
1,KY,Bodden Town,1657450094,19.2833,-81.25,scattered clouds,81,26.11,27.74,37,1.34
2,AR,Ushuaia,1657449879,-54.8,-68.3,light snow,86,-0.19,-0.19,100,9.77
3,EC,Puerto Ayora,1657450094,-0.7393,-90.3518,overcast clouds,96,20.31,20.31,90,3.13
4,SA,Riyadh,1657449684,24.6877,46.7219,overcast clouds,6,43.08,43.08,100,6.7
5,SE,Skoghall,1657450095,59.3232,13.4655,broken clouds,44,16.31,16.31,75,5.66
6,BO,La Santisima Trinidad,1657450095,-14.8333,-64.9,scattered clouds,94,20.99,20.99,25,1.54
7,CA,Yellowknife,1657450095,62.456,-114.3525,broken clouds,100,15.29,15.29,75,0
8,AU,Port Macquarie,1657450095,-31.4333,152.9167,light rain,94,11.94,11.94,40,5.14
9,BO,Riberalta,1657450095,-10.9833,-66.1,mist,100,22.11,22.11,75,0
10,BR,Touros,1657450095,-5.1989,-35.4608,few clouds,82,25.29,25.29,20,6.52
11,GL,Nanortalik,1657450095,60.1432,-45.2371,overcast clouds,89,6.06,6.06,92,3.02
12,MX,Progreso,1657450095,21.2833,-89.6667,scattered clouds,90,23.95,23.95,43,3.13
13,VU,Isangel,1657450095,-19.55,169.2667,scattered clouds,77,24.8,24.8,47,4.08
14,ID,Bengkulu,1657450095,-3.8004,102.2655,scattered clouds,76,26.47,26.47,29,1.59
15,AR,Mar del Plata,1657450096,-38.0023,-57.5575,light rain,94,13.6,14.01,100,2.06
16,CA,Flin Flon,1657450096,54.7682,-101.865,overcast clouds,73,15.26,15.26,91,1.95
17,AU,Hobart,1657450096,-42.8794,147.3294,broken clouds,75,7.67,9.03,75,2.57
18,ML,Tessalit,1657450096,20.1986,1.0114,clear sky,9,39.69,39.69,5,2.11
19,NC,Vao,1657450096,-22.6667,167.4833,overcast clouds,81,24.24,24.24,94,9.16
20,ZA,Cape Town,1657449320,-33.9258,18.4232,light rain,87,14.23,16.18,75,6.69
21,PF,Rikitea,1657450096,-23.1203,-134.9692,light rain,79,22.49,22.49,100,0.37
22,TO,Vaini,1657450096,-21.2,-175.2,scattered clouds,83,23.09,23.09,40,4.12
23,CD,Kikwit,1657450096,-5.041,18.8162,broken clouds,17,36.88,36.88,73,0.9
24,PT,Vila,1657450096,42.0304,-8.1588,clear sky,35,29.28,29.28,0,1
25,BR,Cabedelo,1657450096,-6.9811,-34.8339,clear sky,77,24.37,24.37,2,7.25
26,IS,Hofn,1657450096,64.2539,-15.2082,light intensity drizzle rain,93,11.01,11.01,100,1.54
27,US,Albany,1657450097,42.6001,-73.9662,clear sky,84,11.1,13.77,0,1.38
28,AU,Busselton,1657450097,-33.65,115.3333,broken clouds,63,13.47,13.47,77,3.57
29,US,Avera,1657450097,33.194,-82.5271,overcast clouds,90,23.7,24.1,99,1.33
30,GA,Makokou,1657450097,0.5738,12.8642,mist,78,26.19,26.19,100,2.05
31,PK,Khangarh,1657450097,29.9173,71.1618,overcast clouds,45,36.04,36.04,99,1.29
32,CK,Avarua,1657450097,-21.2078,-159.775,overcast clouds,56,23.03,23.03,100,3.6
33,US,Hilo,1657449821,19.7297,-155.09,moderate rain,100,22.05,24.6,100,2.57
34,NU,Alofi,1657450097,-19.0595,-169.9187,overcast clouds,83,23.94,23.94,96,4.63
35,NZ,Mataura,1657450097,-46.1927,168.8643,clear sky,97,3.6,3.6,6,1.23
36,ZA,Port Alfred,1657450097,-33.5906,26.891,scattered clouds,72,18.99,18.99,50,2.24
37,CU,Baracoa,1657450097,20.3467,-74.4958,overcast clouds,87,25.84,25.84,97,0.94
38,PE,Camaná,1657450098,-16.6228,-72.7111,broken clouds,88,15.27,15.27,71,2.87
39,BR,Castro,1657450069,-24.7911,-50.0119,overcast clouds,81,12.36,12.36,93,1.98
40,PF,Atuona,1657450098,-9.8,-139.0333,light rain,81,25.01,25.01,30,9.13
41,RU,Provideniya,1657449901,64.3833,-173.3,overcast clouds,93,8.87,8.87,100,3.76
42,RU,Uzhur,1657450098,55.3036,89.8339,broken clouds,56,23.81,23.81,53,2.35
43,ML,Taoudenni,1657450098,22.6783,-3.9836,scattered clouds,6,44.04,44.04,30,2.02
44,FR,Sanary-sur-Mer,1657450098,43.1178,5.8001,clear sky,58,29.96,33.71,1,3.58
45,GA,Port-Gentil,1657450098,-0.7193,8.7815,scattered clouds,65,25.98,25.98,40,5.66
46,US,North Bend,1657450098,43.4065,-124.2243,clear sky,99,12.12,13.81,0,0
47,TM,Balkanabat,1657450098,39.5108,54.3671,clear sky,12,38.3,38.3,0,4.35
48,NO,Mehamn,1657450098,71.0357,27.8492,few clouds,82,12.97,12.97,20,4.12
49,CD,Gemena,1657450098,3.25,19.7667,few clouds,42,32.92,32.92,16,1.99
50,US,Bethel,1657450098,41.3712,-73.414,clear sky,75,14.48,18.14,0,0
51,RU,Severo-Kuril'sk,1657450098,50.6789,156.125,overcast clouds,82,14.82,14.82,100,3.4
52,RU,Chul'man,1657450099,56.8479,124.9104,light rain,90,16.15,16.15,90,1.88
53,ML,Ténenkou,1657450099,14.4572,-4.9169,broken clouds,39,34.06,34.06,71,7.26
54,KI,Butaritari,1657450099,3.0707,172.7902,light rain,78,27.97,27.97,5,7.27
55,MX,Guerrero Negro,1657449906,27.9769,-114.0611,clear sky,90,19.05,19.05,7,4.74
56,MU,Mahébourg,1657450099,-20.4081,57.7,scattered clouds,56,23.16,23.47,40,7.2
57,PH,Dingle,1657450099,10.9995,122.6711,overcast clouds,91,25.67,25.67,100,2.37
58,RU,Lavrentiya,1657450099,65.5833,-171,overcast clouds,92,8.07,8.07,100,4.37
59,ZA,Bredasdorp,1657450099,-34.5322,20.0403,light rain,85,12.67,12.67,96,3.01
60,RU,Berdigestyakh,1657450099,62.0989,126.6992,overcast clouds,76,16.63,16.63,86,2.52
61,SA,Umluj,1657450099,25.0213,37.2685,few clouds,48,32.19,32.19,12,4.52
62,TO,Pangai,1657450099,-19.8,-174.35,overcast clouds,79,25.05,25.05,100,9.03
63,US,Barrow,1657450099,71.2906,-156.7887,clear sky,81,6.01,6.01,0,4.63
64,PT,Ribeira Grande,1657450099,38.5167,-28.7,broken clouds,64,20.22,20.22,75,2.57
65,AR,Necochea,1657449979,-38.5473,-58.7368,overcast clouds,94,11.46,11.46,100,3.53
66,CA,Thompson,1657450100,55.7435,-97.8558,fog,100,12.09,12.09,100,1.54
67,AU,Ulladulla,1657450100,-35.35,150.4667,light rain,80,11.83,11.83,78,3.73
68,CL,Santiago,1657449827,-33.4569,-70.6483,broken clouds,86,7.41,9.36,75,1.03
69,BR,Itaituba,1657450100,-4.2761,-55.9836,broken clouds,81,23.62,23.62,72,0.59
70,CL,Lebu,1657450100,-37.6167,-73.65,few clouds,89,7.64,7.64,17,3.22
71,JP,Naze,1657450100,28.3667,129.4833,clear sky,90,27.51,27.51,1,2.25
72,AR,Olavarría,1657450100,-36.8927,-60.3225,overcast clouds,94,10.57,10.57,87,4.13
73,OM,Salalah,1657450100,17.0151,54.0924,haze,94,26.05,26.05,100,4.12
74,CL,Punta Arenas,1657450100,-53.15,-70.9167,few clouds,80,-2.94,-2.94,20,4.12
75,US,Westport,1657450100,41.1415,-73.3579,clear sky,70,16.55,19.48,0,2.68
76,NZ,Bluff,1657450100,-46.6,168.3333,overcast clouds,74,3.78,3.78,92,3.52
77,AU,New Norfolk,1657450100,-42.7826,147.0587,broken clouds,80,5.44,8.84,67,1.38
78,US,Jamestown,1657450101,42.097,-79.2353,clear sky,72,11.24,13.8,0,2.06
79,BR,Torres,1657450101,-29.3353,-49.7269,few clouds,87,19.9,19.9,16,2.62
80,IN,Karīmganj,1657450101,24.8667,92.35,few clouds,70,33.22,33.22,12,1.56
81,SN,Bakel,1657450101,14.905,-12.4568,overcast clouds,48,32.53,32.53,100,6.12
82,AU,Codrington,1657450101,-38.2667,141.9667,overcast clouds,77,8.26,8.26,100,5.1
83,AU,Maningrida,1657450101,-12.0667,134.2667,few clouds,80,21.74,21.74,13,3.88
84,FO,Klaksvík,1657450101,62.2266,-6.589,overcast clouds,96,12.51,12.51,99,4.83
85,UA,Lypova Dolyna,1657450101,50.5643,33.7979,overcast clouds,59,24.93,24.93,100,4.03
86,IN,Rāiganj,1657450101,25.6167,88.1167,broken clouds,42,36.57,36.57,67,2.98
87,SJ,Longyearbyen,1657450101,78.2186,15.6401,broken clouds,76,6.91,6.91,75,6.17
88,UY,Departamento de Maldonado,1657450101,-34.6667,-54.9167,broken clouds,86,20.66,20.66,53,5.84
89,RU,Staryy Nadym,1657450101,65.6118,72.6842,overcast clouds,40,22.52,22.52,87,7.16
90,NC,Ouégoa,1657450101,-20.35,164.4333,clear sky,84,24.87,24.87,6,4.03
91,KG,Kyzyl-Suu,1657450102,42.3414,78.0056,scattered clouds,45,20.83,20.83,44,4.76
92,CA,Norman Wells,1657450102,65.282,-126.8329,smoke,87,11.02,11.02,100,0
93,RU,Nyurba,1657450102,63.2842,118.3319,overcast clouds,95,15.22,15.22,100,0.2
94,PF,Faanui,1657450102,-16.4833,-151.75,light rain,72,25.65,25.65,86,7.96
95,US,Kapaa,1657450102,22.0752,-159.319,scattered clouds,83,24.65,26.18,40,6.69
96,PA,Portobelo,1657450102,9.55,-79.65,overcast clouds,89,24.42,24.42,100,2.29
97,MY,George Town,1657450102,5.4112,100.3354,few clouds,74,30.76,30.97,20,1.54
98,KE,Siaya,1657450102,0.0612,34.2882,broken clouds,46,24.79,24.79,66,4.04
99,US,Saint George,1657450102,37.1041,-113.5841,clear sky,24,27.47,28.77,0,1.54
100,GH,Esim,1657450102,4.8699,-2.2405,overcast clouds,70,26.36,26.36,100,4.55
101,KI,Bairiki Village,1657450103,1.3292,172.9752,light rain,83,27,27,20,4.12
102,GL,Tasiilaq,1657450103,65.6145,-37.6368,overcast clouds,82,6.09,6.09,86,2.99
103,ZM,Mbala,1657450103,-8.8402,31.3659,clear sky,31,23.35,23.35,7,1.06
104,ID,Labuhan,1657450103,-6.8844,112.2051,scattered clouds,70,27.23,27.23,48,2.78
105,PT,Vila Franca do Campo,1657450103,37.7167,-25.4333,overcast clouds,69,21.78,21.78,87,2.9
106,PT,Ponta do Sol,1657450103,32.6667,-17.1,clear sky,60,27.29,27.29,4,1.48
107,ZA,Port Elizabeth,1657449914,-33.918,25.5701,clear sky,72,17.78,18.16,0,3.6
108,NO,Havøysund,1657450103,70.9963,24.6622,few clouds,76,11.13,11.13,16,6.05
109,VE,San Felipe,1657450103,10.3399,-68.7425,overcast clouds,95,22.73,22.73,90,0.52
110,CA,Torbay,1657450103,47.6666,-52.7314,clear sky,71,15.23,15.42,0,2.68
111,US,Sterling,1657450103,39.0062,-77.4286,broken clouds,94,18.79,20.68,75,3.09
112,CU,Bahía Honda,1657450103,22.9036,-83.1592,light rain,83,24.98,24.98,73,1.08
113,RE,Saint-Pierre,1657450104,-21.3393,55.4781,clear sky,60,22.96,23.82,0,13.89
114,RE,Saint-Philippe,1657450104,-21.3585,55.7679,scattered clouds,67,23.14,23.77,45,7.74
115,VE,Carupano,1657450104,10.6678,-63.2585,overcast clouds,90,24.97,24.97,96,3.8
116,GA,Omboué,1657450104,-1.5746,9.2618,broken clouds,59,25.91,25.91,64,4.15
117,TZ,Chake Chake,1657450104,-5.2459,39.7666,light rain,66,25.72,25.72,69,5.81
118,SS,Yambio,1657450104,4.5721,28.3955,overcast clouds,60,27.9,27.9,95,1.18
119,RU,Pokosnoye,1657450104,55.5258,101.0536,broken clouds,35,23.2,23.2,56,0.49
120,US,Russell,1657450104,32.3502,-85.1999,broken clouds,94,22.01,23.6,75,0
121,US,Hollister,1657450104,36.8525,-121.4016,clear sky,79,14.34,15.64,0,0
122,AU,Alyangula,1657450104,-13.8483,136.4192,scattered clouds,80,18.82,18.82,46,4.3
123,BR,Caravelas,1657450104,-17.7125,-39.2481,few clouds,81,22.71,22.71,16,2.68
124,KZ,Atasū,1657450104,48.6814,71.6433,broken clouds,38,25.24,25.24,80,6.17
125,US,Starkville,1657450104,33.4504,-88.8184,few clouds,100,21.83,21.93,20,0
126,JP,Katsuura,1657450104,35.1333,140.3,clear sky,95,24,24,4,3.08
127,BR,São João da Barra,1657450105,-21.6403,-41.0511,clear sky,79,19.05,19.05,1,4.26
128,RU,Severodvinsk,1657450028,64.5635,39.8302,broken clouds,42,26.06,26.06,52,2.78
129,IN,Puri,1657450105,19.8,85.85,moderate rain,77,31.29,31.29,100,4.95
130,RU,Nikolskoye,1657450105,59.7035,30.7861,overcast clouds,64,22.01,22.71,99,4.03
131,BR,Nova Olinda do Norte,1657450105,-3.8881,-59.0942,broken clouds,86,23.29,23.29,82,0.71
132,NZ,Whitianga,1657450105,-36.8333,175.7,moderate rain,90,15.09,15.09,100,4.6
133,AU,Broken Hill,1657450105,-31.95,141.4333,overcast clouds,50,9.78,9.78,99,2.23
134,RU,Kyshtovka,1657450105,56.555,76.6271,broken clouds,59,29.28,29.28,54,1.58
135,BR,Itarema,1657450105,-2.9248,-39.9167,overcast clouds,73,25.54,25.54,87,6.36
136,CO,Ábrego,1657450105,8.0807,-73.2205,overcast clouds,85,17.27,17.27,98,2.36
137,ZA,East London,1657449924,-33.0153,27.9116,clear sky,64,20.52,20.52,0,4.12
138,AU,Esperance,1657450105,-33.8667,121.9,scattered clouds,75,13.35,13.35,39,6.55
139,RU,Talnakh,1657449952,69.4865,88.3972,few clouds,37,13.45,13.45,16,5.96
140,MU,Souillac,1657450092,-20.5167,57.5167,scattered clouds,56,23.21,23.21,40,7.2
141,CD,Bosobolo,1657450106,4.1833,19.9,broken clouds,55,29.96,29.96,83,2.18
142,PH,Saguing,1657450106,6.9803,125.0781,overcast clouds,91,24.21,24.21,89,0.69
143,BR,Alta Floresta,1657450106,-9.8756,-56.0861,scattered clouds,63,21.33,21.33,44,1.22
144,JP,Nemuro,1657450106,43.3236,145.575,overcast clouds,99,13.89,13.89,100,3.42
145,NO,Raudeberg,1657450106,61.9875,5.1352,broken clouds,79,11.37,12.2,77,1.98
146,BR,Arraial do Cabo,1657450106,-22.9661,-42.0278,clear sky,83,21.92,21.92,0,5.14
147,CA,Sioux Lookout,1657450106,50.1001,-91.917,overcast clouds,100,18.04,18.04,100,4.12
148,RU,Saskylakh,1657449861,71.9167,114.0833,overcast clouds,60,12.6,12.6,94,3.81
149,PE,Hualmay,1657450106,-11.0964,-77.6139,broken clouds,87,15.66,15.66,63,3.89
150,ZA,Hermanus,1657449838,-34.4187,19.2345,moderate rain,91,13.16,13.16,100,4.16
151,PE,La Peca,1657450106,-5.6111,-78.435,overcast clouds,95,17.47,17.47,100,0.64
152,AR,General Roca,1657449969,-39.0333,-67.5833,overcast clouds,58,4.23,4.23,99,4.7
153,CN,Yumen,1657450106,40.2833,97.2,broken clouds,13,34.13,34.13,80,3.38
154,GL,Upernavik,1657449901,72.7868,-56.1549,scattered clouds,87,3.8,3.8,29,1.93
155,RU,Tymovskoye,1657449817,50.8456,142.655,broken clouds,90,19.7,19.7,73,3.66
156,NP,Khanbari,1657450107,27.3747,87.2039,broken clouds,78,27.66,27.66,72,2.18
157,US,Charleston,1657449860,32.7766,-79.9309,broken clouds,96,23.99,24.45,75,2.57
158,NG,Ilorin,1657449877,8.5,4.55,scattered clouds,69,28.2,28.2,40,5.14
159,RU,Khatanga,1657450107,71.9667,102.5,overcast clouds,42,13.84,13.84,99,4.02
160,US,Nome,1657450107,64.5011,-165.4064,clear sky,76,13.04,13.04,0,5.14
161,RU,Pevek,1657450107,69.7008,170.3133,overcast clouds,96,0,0,100,4.92
162,US,San Patricio,1657450107,28.017,-97.5169,scattered clouds,92,26.57,28.93,26,2.75
163,LK,Trincomalee,1657450107,8.5711,81.2335,overcast clouds,56,32.37,32.37,100,5.12
164,RU,Kodinsk,1657450107,58.6881,99.1844,broken clouds,46,25.31,25.31,69,2.61
165,GL,Qaanaaq,1657450107,77.484,-69.3632,overcast clouds,74,5.72,5.72,99,2.47
166,AU,Batemans Bay,1657450107,-35.7167,150.1833,broken clouds,84,11.72,11.72,83,2.8
167,RU,Srednekolymsk,1657450107,67.45,153.6833,overcast clouds,50,15.05,15.05,96,4.66
168,KZ,Kurchum,1657450107,48.5722,83.6542,broken clouds,31,27.2,27.2,56,3.61
169,BR,Rio Grande,1657450108,-32.035,-52.0986,scattered clouds,92,13.86,15.06,37,5.61
170,BY,Mazyr,1657450035,52.0495,29.2456,broken clouds,50,22.08,22.08,84,4.02
171,US,Fairbanks,1657450108,64.8378,-147.7164,light rain,91,16.53,18.11,75,1.54
172,IN,Rangāpāra,1657450108,26.8167,92.65,scattered clouds,61,34.34,34.34,40,1.69
173,RU,Beringovskiy,1657450108,63.05,179.3167,light rain,89,9.38,9.38,100,4.64
174,NA,Henties Bay,1657450108,-22.116,14.2845,clear sky,62,16.16,16.16,0,6.8
175,MX,Cabo San Lucas,1657450108,22.8909,-109.9124,scattered clouds,46,29.57,29.73,41,2.68
176,US,Bud,1657450108,39.447,-86.1758,clear sky,83,15.81,17.04,0,3.34
177,NA,Gobabis,1657450108,-22.45,18.9667,clear sky,31,17.36,17.36,0,1.85
178,PK,Islamkot,1657450108,24.6997,70.177,overcast clouds,59,32.91,32.91,91,9.02
179,PH,Buluang,1657450108,13.3068,123.3425,moderate rain,87,26.74,26.74,100,0.78
180,SS,Leer,1657450108,8.3018,30.1418,broken clouds,46,31.84,31.84,83,4.34
181,MX,Puerto Escondido,1657450108,15.85,-97.0667,scattered clouds,84,25.08,25.08,35,1.84
182,AR,San Juan,1657450066,-31.5375,-68.5364,overcast clouds,30,12.05,12.05,100,5.73
183,NA,Windhoek,1657449915,-22.5594,17.0832,clear sky,19,17.22,18.27,0,3.6
184,US,Waverly,1657450109,42.7392,-84.6208,few clouds,94,9.76,10.09,23,1.64
185,JP,Ishigaki,1657450109,24.3448,124.1572,few clouds,79,30.07,30.07,20,4.12
186,RU,Tigil',1657450109,57.8,158.6667,few clouds,91,16.71,16.71,17,2.07
187,CA,Fort Nelson,1657450109,58.8053,-122.7002,overcast clouds,88,13.77,13.77,100,1.03
188,RU,Vostok,1657450109,46.4856,135.8833,broken clouds,89,18.57,18.57,70,0.35
189,RU,Labytnangi,1657450109,66.6572,66.4183,broken clouds,46,20.71,20.71,76,6.41
190,CA,Deer Lake,1657450109,49.1667,-57.4316,broken clouds,82,13.92,13.92,75,5.14
191,RU,Chokurdakh,1657450109,70.6333,147.9167,overcast clouds,43,17.41,17.41,96,5.8
192,RU,Lenina,1657450109,46.0667,39.7833,scattered clouds,27,35.71,35.71,46,3.81
193,AU,Mount Gambier,1657450109,-37.8333,140.7667,broken clouds,77,7.87,7.87,80,3.91
194,BR,Curuçá,1657450109,-0.7289,-47.8481,scattered clouds,91,24.41,24.41,33,1.59
195,UA,Pavlohrad,1657450109,48.5167,35.8667,scattered clouds,30,32.83,32.83,31,0.69
196,JP,Hasaki,1657450109,35.7333,140.8333,clear sky,92,25.22,26.27,5,4.57
197,PT,Praia da Vitória,1657450110,38.7333,-27.0667,overcast clouds,73,20.14,20.42,100,3.35
198,RU,Dikson,1657450110,73.5069,80.5464,broken clouds,91,3.17,3.17,76,4.16
199,MN,Darhan,1657450110,49.4867,105.9228,light rain,49,21.89,21.89,100,3.37
200,IN,Pasān,1657450110,22.85,82.2,heavy intensity rain,58,30.74,30.74,85,2.06
201,CL,Constitución,1657450110,-35.3333,-72.4167,overcast clouds,88,9.59,9.59,100,3.11
202,CA,Tuktoyaktuk,1657450110,69.4541,-133.0374,clear sky,92,3.68,3.68,8,4.46
203,CL,Taltal,1657450110,-25.4,-70.4833,overcast clouds,76,12.3,12.3,87,1.83
204,IT,Bari,1657449871,41.1177,16.8512,few clouds,49,26.13,27.37,20,5.36
205,RU,Petropavlovsk-Kamchatskiy,1657450084,53.0452,158.6483,broken clouds,69,24.33,24.33,75,4
206,MV,Hithadhoo,1657450110,-0.6,73.0833,overcast clouds,72,28.1,28.1,100,1.94
207,MR,Nouadhibou,1657450079,20.931,-17.0347,mist,94,20.99,20.99,100,5.14
208,RU,Ust-Nera,1657450110,64.5667,143.2,broken clouds,56,23.35,23.35,52,0.82
209,FR,Arrondissement de Lannion,1657450001,48.75,-3.4167,clear sky,44,24.3,25.64,0,4.12
210,KZ,Zhanakorgan,1657450111,43.9098,67.2495,clear sky,17,34.18,34.18,4,6.08
211,ES,Alboraya,1657450111,39.5,-0.35,clear sky,50,29.99,33.9,0,5.14
212,VE,San Cristobal,1657450111,7.7669,-72.225,overcast clouds,95,22.1,22.1,100,1.96
213,RU,Chernyshevskiy,1657450111,63.0128,112.4714,few clouds,33,22.85,22.85,17,0.85
214,PT,Camacha,1657450111,33.0833,-16.3333,broken clouds,73,20.68,20.68,75,8.75
215,ID,Padang,1657450111,-0.9492,100.3543,light rain,79,28.03,28.03,45,1.01
216,ID,Manado,1657450111,1.487,124.8455,few clouds,83,27.43,27.43,20,1.54
217,US,Sitka,1657450111,57.0531,-135.33,light rain,88,13.94,13.94,100,4.12
218,IN,Port Blair,1657450111,11.6667,92.75,overcast clouds,89,27.02,27.02,100,8.35
219,AU,Bowen,1657450111,-20.0167,148.2333,clear sky,63,15.15,15.15,0,3.68
220,NA,Lüderitz,1657450111,-26.6481,15.1594,few clouds,71,15.47,15.47,23,3
221,ID,Kalianget,1657450111,-7.05,113.9333,scattered clouds,73,27.28,27.28,45,5.13
222,IS,Vestmannaeyjar,1657450111,63.4427,-20.2734,moderate rain,93,10.55,10.55,100,9.26
223,AI,The Valley,1657450112,18.217,-63.0578,few clouds,80,26.92,27.83,22,9.06
224,RU,Aleksandrovsk-Sakhalinskiy,1657449834,50.8975,142.1561,broken clouds,91,19.03,19.03,58,2.94
225,CN,Binzhou,1657450112,37.3667,118.0167,overcast clouds,78,24.58,24.58,97,5.16
226,GE,Khani,1657450112,41.9563,42.9566,clear sky,33,28.76,28.76,3,2.16
227,US,Fortuna,1657450112,40.5982,-124.1573,overcast clouds,91,14.8,15.37,100,0.45
228,RU,Leningradskiy,1657450112,69.3833,178.4167,light rain,86,2.84,2.84,100,8.78
229,CN,Xichang,1657450112,27.8964,102.2634,scattered clouds,67,27.71,27.71,35,2.31
230,AU,Geraldton,1657450112,-28.7667,114.6,broken clouds,88,14.23,14.23,75,4.63
231,PF,Fare,1657450112,-16.7,-151.0167,light rain,76,25.33,25.33,55,9.13
232,NA,Keetmanshoop,1657450113,-26.5833,18.1333,scattered clouds,48,13.3,13.3,31,5.7
233,BS,High Rock,1657450113,26.6208,-78.2833,clear sky,71,28.01,28.01,1,5.36
234,JP,Kushiro,1657450113,42.975,144.3747,mist,100,17.53,17.53,75,3.6
235,NZ,Kaitangata,1657450113,-46.2817,169.8464,broken clouds,80,4.63,4.63,76,0.73
236,JP,Maebaru-chūō,1657450113,33.55,130.2,overcast clouds,89,28.34,30.43,100,2.57
237,IR,Tabas,1657450113,33.5959,56.9244,clear sky,6,42.07,42.07,2,0.52
238,BR,Imbituba,1657450113,-28.24,-48.6703,clear sky,97,17.27,18.25,7,4.92
239,BR,Conceição do Araguaia,1657450113,-8.2578,-49.2647,few clouds,38,23.53,23.53,24,1.52
240,IR,Mehrān,1657450113,33.1222,46.1646,clear sky,9,45.72,45.72,0,11.26
241,BJ,Porto-Novo,1657449943,6.4965,2.6036,light rain,75,26.9,26.9,100,4.06
242,ES,Santa Pola,1657450114,38.1917,-0.5658,clear sky,49,30.68,32.86,0,4.12
243,CN,Shenzhen,1657450114,22.5455,114.0683,broken clouds,63,32.02,32.14,73,3.34
244,NO,Vardø,1657450114,70.3705,31.1107,few clouds,87,11.99,11.99,20,2.06
245,IN,Māngrol,1657450114,21.1167,70.1167,overcast clouds,80,28.38,28.38,100,10.05
246,NG,Funtua,1657450114,11.5233,7.3081,overcast clouds,79,22.66,22.66,100,4.82
247,MG,Beloha,1657450114,-25.1667,45.05,clear sky,27,27.51,27.51,0,3.3
248,BR,Maracás,1657450114,-13.4411,-40.4308,scattered clouds,81,16.22,16.22,27,3.02
249,BR,Santa Maria,1657450114,-29.6842,-53.8069,clear sky,60,20.61,20.61,0,7.2
250,SA,Turaif,1657450114,31.6725,38.6637,clear sky,18,34.14,34.14,0,4.12
251,CN,Linjiang,1657450114,41.8069,126.9078,overcast clouds,86,20.06,20.06,100,0.98
252,RU,Aksarka,1657450114,66.5606,67.7975,overcast clouds,47,20.78,20.78,100,5.61
253,ID,Payo,1657450114,-3.7508,103.6372,broken clouds,75,26.08,26.08,72,1.36
254,CA,Pangnirtung,1657450114,66.1451,-65.7125,broken clouds,74,8.54,8.54,55,1.26
255,KE,Mandera,1657449900,3.9366,41.867,overcast clouds,46,27.96,27.96,98,9.6
256,NO,Berlevåg,1657450115,70.8578,29.0864,overcast clouds,82,12.97,13,86,1.03
257,KZ,Ayagoz,1657450115,47.9714,80.4392,broken clouds,29,26.99,26.99,53,3.6
258,BR,Amapá,1657450115,1,-52,broken clouds,97,22.47,22.47,69,0.5
259,UA,Mlyniv,1657450115,50.509,25.6168,overcast clouds,60,19.47,19.47,97,2.91
260,IN,Chinchani,1657450115,19.8667,72.7,overcast clouds,85,26.31,26.31,100,6.95
261,GW,Bubaque,1657450115,11.2833,-15.8333,overcast clouds,83,26.45,26.45,100,2.2
262,SE,Mölnlycke,1657450115,57.6589,12.1179,clear sky,49,18.91,21.64,0,4.63
263,UY,Chui,1657450115,-33.6971,-53.4616,clear sky,94,15.04,15.04,0,3
264,BR,Pau Brasil,1657450115,-15.4642,-39.6511,broken clouds,95,17.75,17.75,79,0.77
265,YE,Marzuq,1657450115,14.4,46.4667,overcast clouds,21,31.4,31.4,100,7.99
266,US,Havelock,1657449869,34.8791,-76.9013,overcast clouds,95,23.46,24.99,100,1.64
267,AU,Carnarvon,1657450115,-24.8667,113.6333,overcast clouds,60,19.74,19.74,97,6.89
268,RU,Tazovsky,1657450115,67.4667,78.7,light rain,66,14.53,14.53,68,2.56
269,AR,Rafaela,1657450116,-31.2503,-61.4867,clear sky,58,16.66,16.66,0,1.34
270,RU,Novikovo,1657450116,51.1537,37.8879,overcast clouds,45,27.37,27.37,100,5.65
271,SA,Buraidah,1657449902,26.326,43.975,overcast clouds,5,41.25,41.25,100,6.01
272,CN,Alihe,1657450116,50.5667,123.7167,broken clouds,68,19.65,19.65,58,1.07
273,BO,Santa Cruz de la Sierra,1657450116,-17.8,-63.1667,few clouds,83,23.03,23.03,15,6.17
274,US,Ketchikan,1657450116,55.3422,-131.6461,overcast clouds,88,14.26,14.26,100,5.66
275,BR,Conde,1657450116,-7.2597,-34.9075,broken clouds,88,23.7,23.7,75,4.12
276,RU,Cherskiy,1657450116,68.75,161.3,clear sky,58,7.02,7.02,1,2.94
277,BR,São José da Coroa Grande,1657450116,-8.8978,-35.1478,scattered clouds,78,25,25,45,6.01
278,CO,San Andrés,1657450116,12.5847,-81.7006,scattered clouds,89,28.01,28.01,40,4.63
279,ZA,Saldanha,1657450116,-33.0117,17.9442,overcast clouds,75,15.03,15.03,92,3.95
280,ID,Merauke,1657450117,-8.4667,140.3333,overcast clouds,85,25.46,25.46,96,6.56
281,RU,Tiksi,1657450117,71.6872,128.8694,scattered clouds,48,15.07,15.07,48,3.5
282,CN,Baiquan,1657450117,47.5833,126.0833,overcast clouds,85,18.12,18.12,97,1.49
283,AO,Luanda,1657450117,-8.8368,13.2343,broken clouds,78,23,23,75,2.57
284,PT,Lagoa,1657450117,39.05,-27.9833,overcast clouds,67,20.07,20.07,100,2.37
285,NO,Fevik,1657450117,58.3794,8.6766,few clouds,46,18.87,20.05,17,4.23
286,CO,Mitú,1657450089,1.1983,-70.1733,overcast clouds,100,21.54,21.54,100,0.62
287,RU,Turukhansk,1657450117,65.8167,87.9833,broken clouds,43,17.48,17.48,82,6.58
288,NA,Mariental,1657450117,-24.6333,17.9667,clear sky,23,14.99,14.99,0,3.84
289,NG,Kumo,1657450117,10.0447,11.2122,overcast clouds,57,28.27,28.27,89,5.65
290,RU,Pelym,1657450117,61.0108,61.9978,few clouds,32,29.4,29.4,20,2.7
291,RU,Severo-Yeniseyskiy,1657450117,60.3725,93.0408,broken clouds,43,23.71,23.71,84,4.78
292,RU,Ostrovnoy,1657450117,68.0531,39.5131,overcast clouds,68,15.21,15.21,100,5.64
293,AU,Innisfail,1657450117,-17.5333,146.0333,few clouds,77,16.31,16.31,23,1.99
294,ID,Indramayu,1657449960,-6.3264,108.32,overcast clouds,71,27.18,27.18,86,4.59
295,CL,Coquimbo,1657449967,-29.9533,-71.3436,overcast clouds,100,11.85,11.85,100,1.03
296,AO,Malanje,1657450118,-9.5402,16.341,broken clouds,20,28.75,28.75,61,2.15
297,PG,Lorengau,1657450118,-2.0226,147.2712,overcast clouds,76,27.72,27.72,98,3.63
298,JP,Isawa,1657450118,35.65,138.6333,scattered clouds,74,26.55,26.55,33,0.69
299,PF,Tiarei,1657450118,-17.5333,-149.3333,scattered clouds,76,23.01,23.01,33,9.83
300,US,Saint Paul Harbor,1657450038,57.79,-152.4072,overcast clouds,82,11.73,11.73,100,5.66
301,RU,Deputatsky,1657450118,69.3,139.9,overcast clouds,62,14.51,14.51,100,1.8
302,CA,Haines Junction,1657450118,60.7522,-137.5108,few clouds,93,3.97,3.97,11,0.51
303,BS,Marsh Harbour,1657450118,26.5412,-77.0636,clear sky,77,27.69,27.69,0,4.87
304,LK,Galle,1657450028,6.0367,80.217,overcast clouds,83,27.38,27.38,100,6.01
305,SV,Acajutla,1657450118,13.5928,-89.8275,overcast clouds,75,25.72,25.72,95,2.32
306,US,Montgomery,1657450118,39.1501,-77.1997,mist,94,18.34,20.38,20,0
307,TL,Airai,1657450118,-8.9266,125.4092,overcast clouds,94,15.22,15.22,95,1.43
308,ID,Tual,1657450118,-5.6667,132.75,overcast clouds,80,26.76,26.76,93,9.55
309,CA,Cap-aux-Meules,1657450118,47.3821,-61.8597,clear sky,77,16.01,16.03,0,6.17
310,CN,Guangshui,1657450119,31.6199,113.9978,few clouds,80,30.95,30.95,11,3.31
311,MN,Mandalgovi,1657450119,45.7625,106.2708,broken clouds,20,27.94,27.94,70,8.21
312,PE,Tambopata,1657450119,-12.7333,-69.1833,scattered clouds,78,21.06,21.06,48,1.07
313,BR,Cidreira,1657450119,-30.1811,-50.2056,scattered clouds,89,15.95,15.95,31,3.64
314,GY,Lethem,1657450119,3.3803,-59.7968,overcast clouds,91,23.78,23.78,99,2.99
315,BR,Tefé,1657450119,-3.3542,-64.7114,overcast clouds,99,21.96,21.96,100,0.97
316,RU,Tarbagatay,1657450119,51.4803,107.3602,overcast clouds,37,22.49,22.74,91,5.61
317,MR,Adrar,1657450119,20.5022,-10.0711,clear sky,10,40.34,40.34,0,2.47
318,ID,Amahai,1657450119,-3.3333,128.9167,broken clouds,90,25.29,25.29,84,3.38
319,RU,Usogorsk,1657450119,63.4106,48.6872,overcast clouds,35,26.46,26.46,93,0.97
320,RU,Boguchar,1657450120,49.9358,40.545,overcast clouds,21,33.55,33.55,100,6.33
321,RU,Rassvet,1657450120,46.8333,40.75,overcast clouds,21,35.84,37.5,85,13
322,EG,Suez,1657450120,29.9737,32.5263,clear sky,28,35.54,35.54,0,4.35
323,DK,Hals,1657450120,56.9961,10.3081,clear sky,61,19.44,19.44,7,3.71
324,MX,San Julián,1657450120,21.0167,-102.1667,broken clouds,73,13.7,13.7,53,1.31
325,FO,Tvøroyri,1657450120,61.5556,-6.8111,overcast clouds,98,11.2,11.2,100,7.78
326,RU,Verkhotur'ye,1657450120,58.8627,60.8054,scattered clouds,36,30.68,30.68,28,1.43
327,LY,Jalu,1657450120,29.0331,21.5482,clear sky,27,33.37,33.37,0,6.71
328,AU,Perth,1657450120,-31.9333,115.8333,light intensity shower rain,90,12.65,13.07,75,2.57
329,UY,Treinta y Tres,1657450120,-33.2333,-54.3833,clear sky,77,18.54,18.54,2,7.03
330,KZ,Arys,1657450120,42.4252,68.795,few clouds,12,36.14,36.14,20,5.48
331,JP,Ishinomaki,1657450120,38.4167,141.3,scattered clouds,93,25,25,30,2.97
332,PE,Iquitos,1657450121,-3.7481,-73.2472,fog,100,22.02,22.02,100,1.54
333,CD,Mweka,1657450121,-4.85,21.5667,broken clouds,15,36.68,36.68,53,1.16
334,RU,Boguchany,1657450080,58.3814,97.4531,broken clouds,48,24.97,24.97,52,3.97
335,NO,Roald,1657450121,62.5833,6.1333,scattered clouds,76,12.24,13.84,40,2.57
336,US,Laguna,1657450020,38.421,-121.4238,clear sky,77,16.98,20.35,0,2.57
337,ES,Muros,1657450121,42.7762,-9.0603,scattered clouds,71,21.23,21.23,28,1.32
338,PE,Pisco,1657450121,-13.7,-76.2167,mist,82,16.03,16.03,100,3.6
339,AR,Córdoba,1657450121,-31.4135,-64.1811,clear sky,42,12.84,14.31,0,4.63
340,RU,Oktyabr'skiy,1657450121,54.4815,53.471,scattered clouds,51,27.47,27.47,32,3.38
341,HK,Hong Kong,1657450121,22.2855,114.1577,scattered clouds,71,31.43,32.2,32,4.92
342,NO,Storforshei,1657450121,66.4043,14.5233,broken clouds,67,14.88,14.88,75,4.63
343,IN,Mangan,1657450121,27.5167,88.5333,overcast clouds,91,27.35,27.35,90,1.55
344,UA,Krasnyy Luch,1657450122,48.1395,38.9371,overcast clouds,21,32.5,32.5,100,8.03
345,NO,Øksfjord,1657450122,70.2396,22.3479,broken clouds,65,16.1,18.04,51,2.28
346,CR,Nicoya,1657450122,10.1483,-85.452,overcast clouds,95,23.4,23.4,96,1.16
347,BR,São Félix do Xingu,1657450122,-6.6447,-51.995,scattered clouds,63,22.56,22.56,26,0.73
348,GB,Kirriemuir,1657450122,56.674,-3.0034,overcast clouds,55,23.67,23.96,86,1.28
349,MX,Acapulco de Juárez,1657450122,16.8634,-99.8901,overcast clouds,87,25.46,25.46,100,1.48
350,IN,Tura,1657450122,25.5198,90.2201,overcast clouds,81,28.93,28.93,96,0.68
351,KZ,Beyneu,1657450122,45.3167,55.2,clear sky,16,35.15,35.15,3,2.01
352,US,Rock Hill,1657450122,34.9249,-81.0251,overcast clouds,84,22.87,23.56,100,2.06
353,MZ,Inhambane,1657450122,-23.865,35.3833,few clouds,57,25.99,25.99,20,6.17
354,KR,Seoul,1657449673,37.5683,126.9778,clear sky,61,30.38,31.78,0,3.09
355,RU,Magadan,1657449909,59.5667,150.8,clear sky,78,20.85,20.85,2,2.54
356,VE,El Vigia,1657450123,8.6219,-71.6506,overcast clouds,78,23.42,23.42,100,2.16
357,IT,Valle d'Aosta,1657450123,45.7667,7.4167,clear sky,34,20.32,21.66,8,4.63
358,ZM,Luwingu,1657450123,-10.2621,29.9271,clear sky,23,27.27,27.27,3,1.14
359,BR,Beberibe,1657450123,-4.1797,-38.1306,scattered clouds,78,24.85,24.85,34,5.83
360,IT,Laas,1657450123,46.6166,10.7002,few clouds,42,20.64,24.27,12,2.82
361,CN,Mishan,1657450123,45.55,131.8833,moderate rain,91,20.21,20.21,100,2.03
362,MZ,Mocuba,1657450123,-16.8392,36.9856,clear sky,48,25.91,25.91,0,2.23
363,RU,Naryan-Mar,1657450123,67.6713,53.087,scattered clouds,45,21.07,21.07,31,4.75
364,IN,Verāval,1657450123,20.9,70.3667,overcast clouds,81,28.54,28.54,100,9.79
365,ES,Los Llanos de Aridane,1657450123,28.6585,-17.9182,clear sky,57,24.86,24.86,0,6.17
366,MX,Ciudad Valles,1657450124,21.9833,-99.0167,clear sky,89,23.38,23.38,5,1.53
367,BR,Belmonte,1657450124,-15.8631,-38.8828,broken clouds,81,22.64,22.64,67,4.57
368,NO,Sørland,1657450124,67.667,12.6934,clear sky,76,13.92,13.92,6,1.41
369,ML,Araouane,1657450124,18.9048,-3.5265,broken clouds,20,39.61,39.61,67,5.18
370,ZM,Ndola,1657450124,-12.9587,28.6366,overcast clouds,32,23.02,23.02,85,2.37
371,CA,La Tuque,1657450124,47.4334,-72.7824,clear sky,93,7.14,7.14,0,0
372,UZ,Dustlik,1657450124,40.5247,68.0358,clear sky,12,35.77,35.77,0,2.91
373,IR,Bam,1657450124,29.106,58.357,broken clouds,11,39.57,39.57,52,6.06
374,CN,Luocheng,1657450124,29.3848,104.0286,overcast clouds,72,30.89,30.89,88,1.23
375,ID,Banda Aceh,1657450124,5.5577,95.3222,overcast clouds,74,28.62,28.62,100,7.79
376,US,Carlsbad,1657449953,33.1581,-117.3506,mist,93,17.63,19.59,100,1.54
377,CF,Ndélé,1657450124,8.4109,20.6473,overcast clouds,65,27.97,27.97,93,3.35
378,BR,Pinhão,1657450124,-25.6956,-51.6597,overcast clouds,77,12.68,12.68,99,2.16
379,IE,Youghal,1657450125,51.95,-7.8506,clear sky,91,18.08,20.56,4,4.49
380,KR,Gijang,1657450125,35.2442,129.2139,broken clouds,85,28.85,28.85,68,2.45
381,UY,Rocha,1657450125,-34.4833,-54.3333,scattered clouds,95,15.75,15.75,37,4.95
382,CA,Prince Rupert,1657450125,54.3161,-130.3201,light rain,99,13.04,13.05,75,9.26
383,AU,Port Hedland,1657450125,-20.3167,118.5667,clear sky,59,16.03,16.03,0,0
384,TH,Ban Tak,1657450125,17.0432,99.0813,overcast clouds,85,25.76,25.76,95,3.51
385,CN,Linxia Chengguanzhen,1657450125,35.6003,103.2064,overcast clouds,56,26.34,26.34,100,4.65
386,EG,Marsá Maţrūḩ,1657450125,31.3525,27.2453,scattered clouds,61,29.11,29.11,40,7.2
387,US,Hamilton,1657450125,39.1834,-84.5333,clear sky,77,16.25,17.47,0,4.12
388,RU,Andra,1657450125,62.5147,65.8878,overcast clouds,41,26.87,26.87,93,4.52
389,ZM,Kalabo,1657450125,-14.97,22.6814,clear sky,25,26.94,26.94,1,2.16
390,SE,Boden,1657450125,65.8252,21.6886,moderate rain,75,16,16,99,1.44
391,CA,Esterhazy,1657450126,50.65,-102.0843,moderate rain,66,17.47,17.47,94,3.55
392,US,Beckley,1657450126,37.7782,-81.1882,overcast clouds,99,17.15,17.95,100,2.57
393,BR,Imbituva,1657450126,-25.23,-50.6044,broken clouds,82,11.86,11.86,81,0.47
394,ZA,Plettenberg Bay,1657449909,-34.0527,23.3716,light rain,65,16.44,16.44,100,2.33
395,US,Kahului,1657450126,20.8947,-156.47,clear sky,80,25.17,25.47,0,7.72
396,CL,Ancud,1657450126,-41.8697,-73.8203,light rain,91,5.13,5.13,100,5.85
397,GL,Paamiut,1657450126,61.994,-49.6678,scattered clouds,91,4.42,4.42,46,8.65
398,NZ,Dunedin,1657450126,-45.8742,170.5036,scattered clouds,72,6,6,39,2.09
399,MG,Morondava,1657450126,-20.2833,44.2833,clear sky,43,26.04,26.04,0,5.14
400,RU,Aleksandrov Gay,1657450126,50.147,48.5704,few clouds,20,33.78,33.78,23,4.15
401,FI,Kajaani,1657450126,64.2273,27.7285,broken clouds,64,20.03,20.03,75,3.6
402,JP,Obama,1657450126,35.4958,135.746,scattered clouds,93,26.64,26.64,32,0.81
403,MG,Moramanga,1657450126,-18.9333,48.2,light rain,83,15.78,15.78,91,3.52
404,RU,Kovdor,1657450127,67.5662,30.4758,overcast clouds,75,16.4,16.4,100,3.96
405,PE,Huarmey,1657450127,-10.0681,-78.1522,broken clouds,90,15.94,15.94,59,4.07
406,IS,Olafsvik,1657450127,64.8945,-23.7142,overcast clouds,92,10.66,10.66,100,7.21
407,NA,Bethanien,1657450127,-26.502,17.1583,scattered clouds,43,13.44,13.44,47,5.05
408,CA,Chute-aux-Outardes,1657450127,49.1168,-68.399,clear sky,76,10.99,10.99,0,2.57
409,PK,Kalabagh,1657450127,32.965,71.557,broken clouds,53,34.62,34.62,76,3.94
410,CL,Antofagasta,1657449974,-23.65,-70.4,overcast clouds,79,13.6,13.6,100,0.9
411,CN,Dongsheng,1657450127,39.8161,109.9776,clear sky,26,26.7,26.7,9,5.35
412,BR,Vila Velha,1657450070,-20.3297,-40.2925,broken clouds,98,19.97,19.97,75,1.03
413,MX,Barra de Tecoanapa,1657450127,16.5167,-98.75,overcast clouds,82,25.11,25.11,100,0.64
414,IQ,Dahuk,1657450127,36.8695,42.994,clear sky,12,40.54,40.54,0,5.5
415,AU,Alice Springs,1657450127,-23.7,133.8833,clear sky,42,7.75,7.75,0,3.09
416,RS,Topola,1657450127,44.2542,20.6825,broken clouds,31,22.6,22.6,63,6.79
417,NO,Hellvik,1657450127,59.9156,5.781,broken clouds,72,15.93,15.98,53,1.34
418,BR,Autazes,1657449853,-3.5797,-59.1306,broken clouds,86,23.26,23.26,79,0.85
419,GR,Karpathos,1657450128,35.507,27.2132,scattered clouds,65,25.98,25.98,40,10.8
420,US,Lompoc,1657450128,34.6391,-120.4579,mist,93,13.68,14.18,100,2.57
421,IT,Melfi,1657450128,40.9965,15.6514,clear sky,30,25.83,25.83,3,7.55
422,ID,Barabai,1657450128,-2.5833,115.3833,broken clouds,95,24.59,24.59,68,0.26
423,PG,Kavieng,1657450128,-2.5744,150.7967,overcast clouds,75,28.05,28.05,100,6.55
424,BB,Bathsheba,1657450128,13.2167,-59.5167,scattered clouds,91,27.81,28.34,40,9.26
425,RU,Svobodnyy,1657450128,51.4,128.1333,broken clouds,65,20.95,20.95,52,5.42
426,UA,Murovani Kurylivtsi,1657450128,48.7235,27.5189,broken clouds,30,24.93,24.93,51,5.76
427,CN,Shenjiamen,1657450128,29.9576,122.298,broken clouds,95,25.44,25.44,51,4.41
428,SS,Raja,1657450129,8.4596,25.678,overcast clouds,50,30.17,30.17,87,3.05
429,AF,Herat Province,1657450129,34.5,62,clear sky,12,33.46,33.46,0,13.49
430,US,Forest Hills,1657450129,42.9595,-85.4898,few clouds,88,11.06,12.87,20,1.54
431,CA,Clyde River,1657450129,70.4692,-68.5914,clear sky,81,5.13,5.13,0,1.54
432,ES,Zaragoza,1657450129,41.6561,-0.8773,clear sky,37,29.31,30.25,0,3.6
433,GB,Whitehaven,1657450129,54.549,-3.5841,scattered clouds,84,16.55,16.55,41,3.14
434,UZ,Yangi Marg`ilon,1657450129,40.4272,71.7189,scattered clouds,15,33.4,33.4,26,4.12
435,CO,Cravo Norte,1657450129,6.3017,-70.2041,moderate rain,93,22.55,22.55,93,1.91
436,BR,Soure,1657450129,-0.7167,-48.5233,scattered clouds,82,26.41,26.41,44,2.99
437,JM,Morant Bay,1657450129,17.8815,-76.4093,overcast clouds,83,26.79,26.79,100,4.9
438,UA,Markova,1657450129,48.6758,24.4138,overcast clouds,62,18.13,18.13,96,2.91
439,MV,Mahibadhoo,1657450129,3.7833,72.9667,light rain,75,27.98,27.98,99,5.73
440,CA,Inuvik,1657450130,68.3499,-133.7218,mist,96,11.45,11.48,100,2.06
441,MX,San Quintín,1657450130,30.4833,-115.95,few clouds,90,18.72,18.72,15,4.47
442,CN,Dingzhou,1657450130,38.5131,114.9956,broken clouds,60,25.06,25.06,77,1.31
443,GT,Ocós,1657450130,14.5094,-92.1933,few clouds,83,24.83,24.83,18,2
444,IS,Husavik,1657450130,66.0449,-17.3389,overcast clouds,74,13.54,13.54,100,1.44
445,BR,Campanha,1657450130,-21.8361,-45.4006,scattered clouds,76,13.67,13.67,35,1.45
446,AU,Flinders,1657450130,-34.5833,150.8552,broken clouds,89,11.54,12.32,83,2.68
447,MU,Bambous Virieux,1657450130,-20.3428,57.7575,scattered clouds,56,23.14,23.45,40,7.2
448,GL,Qasigiannguit,1657450130,68.8193,-51.1922,overcast clouds,86,4.14,4.14,97,1.3
449,AU,Port Lincoln,1657450130,-34.7333,135.8667,broken clouds,57,12.22,12.22,60,6.61
450,AU,Yulara,1657450130,-25.2406,130.9889,clear sky,31,12.05,12.05,0,3.13
451,IS,Grindavik,1657450071,63.8424,-22.4338,overcast clouds,100,10.26,11.97,100,6.69
452,GT,Colomba,1657450130,14.7167,-91.7333,few clouds,95,19.06,19.6,11,3.1
453,NZ,Takaka,1657450131,-40.85,172.8,overcast clouds,80,9.75,9.75,95,3.39
454,CA,Toronto,1657449881,43.7001,-79.4163,clear sky,79,13.81,15.14,0,3.6
455,MR,Atar,1657450131,20.5169,-13.0499,clear sky,23,36.78,36.78,0,2.67
456,BG,Dalgopol,1657450131,43.05,27.35,overcast clouds,25,29.87,30.06,91,6.02
457,PF,Teahupoo,1657450131,-17.8333,-149.2667,overcast clouds,76,19.98,19.98,94,8.53
458,CF,Birao,1657450131,10.2849,22.7882,overcast clouds,59,28.67,28.67,98,2.78
459,ID,Tanete,1657450131,-3.9443,119.7848,overcast clouds,90,25.15,25.15,100,3.75
460,US,Rincon,1657450131,32.296,-81.2354,broken clouds,97,22.87,25.48,75,1.54
461,GB,Strathpeffer,1657450131,57.588,-4.5382,broken clouds,55,23.11,23.39,53,2.77
462,RU,Tsimmerbude,1657450131,54.675,20.1347,light rain,65,14.03,14.03,59,6.47
463,NO,Tromsø,1657449923,69.6496,18.957,few clouds,67,15.01,15.01,20,3.6
464,SO,Qandala,1657450131,11.472,49.8728,broken clouds,40,34.78,34.78,52,5.95
465,RU,Arman',1657450131,59.7,150.1667,clear sky,80,21.12,21.12,2,1.51
466,ID,Kendari,1657450131,-3.945,122.4989,light rain,91,24.34,24.34,53,1.3
467,RU,Sovetskiy,1657450131,61.3614,63.5842,few clouds,30,29.7,29.7,12,3.63
468,PG,Namatanai,1657450132,-3.6667,152.4333,broken clouds,77,26.38,26.38,53,3.73
469,RU,Bayanday,1657450132,53.0661,105.5139,broken clouds,56,17.67,17.67,84,2.12
470,ZA,Kruisfontein,1657450132,-34.0033,24.7314,light rain,78,15.49,15.49,93,3.56
471,GH,Takoradze,1657450132,4.8845,-1.7554,overcast clouds,72,26.33,26.33,100,4.59
472,SB,Auki,1657450132,-8.7676,160.7034,broken clouds,88,24.9,24.9,83,1.98
473,ID,Sungai Penuh,1657450132,-2.0833,101.3833,overcast clouds,97,19.11,19.11,87,0.74
474,ES,Reinosa,1657450132,42.9996,-4.138,clear sky,23,23.59,23.59,0,2.35
475,BR,Ladário,1657450132,-19.0047,-57.6017,scattered clouds,63,20.88,20.88,28,1.13
476,GB,Newport,1657449977,51.5877,-2.9984,few clouds,58,22.91,25.43,21,0.59
477,CA,Ferme-Neuve,1657450132,46.7001,-75.4493,clear sky,85,12.01,12.01,4,0.47
478,NA,Aranos,1657450132,-24.1333,19.1167,clear sky,22,16.76,16.76,1,4.78
479,SO,Hobyo,1657450132,5.3505,48.5268,scattered clouds,64,27.11,27.11,33,14.32
480,RU,Katangli,1657450132,51.7102,143.2326,scattered clouds,88,18.56,18.56,37,2.02
481,BR,Morros,1657450132,-9.4467,-46.3003,clear sky,63,20.8,20.8,8,5.78
482,CU,Aguada de Pasajeros,1657450133,22.385,-80.8508,few clouds,90,23.26,23.26,13,1.7
483,UZ,Almazar,1657450133,40.3217,69.0106,clear sky,15,35.52,35.52,3,4.28
484,RU,Kungurtug,1657450133,50.5994,97.5228,overcast clouds,43,19.53,19.53,97,2.01
485,ES,Bereda,1657450133,43.2686,-7.5406,clear sky,26,33.56,33.56,0,0.43
486,SD,Wagar,1657450133,16.1525,36.2032,overcast clouds,42,32.14,32.14,92,7.69
487,KZ,Emba,1657450133,48.8264,58.1442,broken clouds,31,28.71,28.71,56,5.86
488,PG,Ialibu,1657450133,-6.2821,143.9935,overcast clouds,98,14.96,14.96,96,0.18
489,CN,Aksu,1657450133,41.1231,80.2644,few clouds,12,34.82,34.82,12,2.84
490,BJ,Aplahoué,1657450133,6.9333,1.6833,overcast clouds,66,27.75,27.75,100,3.98
491,RU,Karpogory,1657450133,64.0019,44.4451,broken clouds,27,27.34,27.34,73,2.38
492,NZ,Ahipara,1657450133,-35.1667,173.1667,overcast clouds,77,13.89,13.89,100,2.41
493,OM,Sur,1657449945,22.5667,59.5289,light rain,66,31.91,31.91,91,1.9
494,BR,Poconé,1657450041,-16.2567,-56.6228,scattered clouds,50,22.05,22.05,25,2.23
495,RU,Pangody,1657450134,65.85,74.4859,broken clouds,34,22.96,22.96,51,6.23
496,PG,Kieta,1657450134,-6.2167,155.6333,broken clouds,80,25.73,25.73,53,2.83
497,ID,Meulaboh,1657450134,4.1363,96.1285,heavy intensity rain,76,27.77,27.77,97,2.41
498,AU,Karratha,1657450134,-20.7377,116.8463,clear sky,39,19.88,19.88,0,2.62
499,GF,Kourou,1657450134,5.1552,-52.6478,overcast clouds,91,25.06,25.06,95,0.76
500,RU,Mil'kovo,1657450134,54.7167,158.6167,broken clouds,73,24.74,24.74,74,1.51
501,US,Winnemucca,1657450134,40.973,-117.7357,clear sky,35,13.03,13.03,0,0
502,TO,Neiafu,1657450134,-18.65,-173.9833,broken clouds,79,25.79,25.79,69,10.39
503,AO,Caxito,1657450134,-8.5785,13.6643,overcast clouds,53,27.68,27.68,97,1.47
504,JP,Fukuechō,1657450135,32.6881,128.8419,broken clouds,78,28.2,28.2,75,1.03
505,KZ,Būlaevo,1657450135,54.9056,70.4439,overcast clouds,53,26.27,26.27,97,5.08
506,BY,Forsytheganj,1657450135,52.6333,29.7333,overcast clouds,79,17.55,17.55,98,4.81
507,NI,Puerto Cabezas,1657450135,14.0351,-83.3888,overcast clouds,91,24.86,24.86,99,3.76
508,RU,Vostochnyy,1657450135,55.8167,37.8667,broken clouds,49,27.57,28.61,84,5.64
509,SB,Gizo Government Station,1657450135,-8.103,156.8419,overcast clouds,70,27.58,27.58,99,1.89
510,US,Scottsbluff,1657450135,41.8666,-103.6672,clear sky,42,24.56,27.1,0,5.14
511,DZ,Algiers,1657449940,36.7525,3.042,clear sky,54,27.9,27.9,0,5.14
512,UG,Kotido,1657450135,2.9806,34.1331,light rain,53,25.15,25.15,75,2.01
513,RU,Yar-Sale,1657450135,66.8333,70.8333,broken clouds,52,19.62,19.62,77,5.02
514,CA,Dauphin,1657450135,51.1494,-100.0502,scattered clouds,100,21.08,21.08,40,4.12
515,PE,Acarí,1657450135,-15.4311,-74.6158,overcast clouds,77,17.22,17.22,89,1.42
516,MV,Ugoofaaru,1657450135,5.6667,73,heavy intensity rain,75,27.77,27.77,100,8.32
517,MX,Pochutla,1657450136,15.7432,-96.4661,few clouds,83,23.79,23.79,24,2.08
518,EG,Safaga,1657450136,26.7292,33.9365,scattered clouds,41,33.07,33.07,26,8.42
519,RU,Karymskoye,1657450136,51.6167,114.35,broken clouds,42,21.47,21.47,56,4.7
520,RU,Teya,1657450136,60.3778,92.6267,broken clouds,40,25.92,25.92,80,4.82
521,GR,Perama,1657450136,37.9757,23.5828,scattered clouds,44,27.29,29.38,40,6.17
522,PR,Guánica,1657450136,17.9716,-66.908,overcast clouds,84,25.35,26.7,99,3.2
523,AO,Ondjiva,1657450137,-17.0667,15.7333,clear sky,21,27.21,27.21,2,1.24
524,US,Muskegon,1657450137,43.3,-86.1334,few clouds,81,11.15,13.27,20,1.54
525,TR,Trabzon Province,1657449987,40.9167,39.8333,broken clouds,83,21.05,21.05,75,4.63
526,US,Granger,1657450137,41.7481,-86.1257,clear sky,94,12.66,14.91,0,2.57
527,CA,Moose Factory,1657450137,51.2585,-80.6094,clear sky,71,12.99,13,0,4.63
528,RU,Vizinga,1657450137,61.0749,50.1031,broken clouds,36,28.59,28.59,59,2.28
529,FR,Arrondissement de Cognac,1657449912,45.5,-0.25,clear sky,47,27.36,28.14,0,6.17
530,ZA,Christiana,1657450137,-27.914,25.1611,few clouds,30,18.61,18.61,13,11.45
531,ID,Banjarmasin,1657450081,-3.3244,114.591,broken clouds,93,28.08,28.08,76,1.23
532,CN,Altay,1657450138,47.8667,88.1167,overcast clouds,42,22.96,22.96,86,3.04
533,CN,Jiangyou,1657450138,31.7667,104.7167,overcast clouds,85,27.42,27.42,88,1.92
534,CL,Vilcún,1657450138,-38.65,-72.2333,overcast clouds,89,3.41,3.41,86,3.35
535,SS,Wau,1657450138,7.7029,27.9953,light rain,76,27.07,27.07,100,2.48
536,GL,Ilulissat,1657450138,69.2167,-51.1,mist,100,4.01,4.01,100,1.54
537,FI,Kemijärvi,1657449908,66.7131,27.4306,overcast clouds,92,15.49,15.49,100,2.67
538,CZ,Blatná,1657449961,49.4249,13.8818,overcast clouds,63,14.54,16.83,94,4.77
539,BR,Januária,1657450138,-15.4833,-44.3667,clear sky,67,19.91,19.91,0,3.64
540,US,Safford,1657450139,32.834,-109.7076,clear sky,78,22.51,23.4,0,3.6
541,JP,Shizunai-furukawachō,1657449974,42.3339,142.3669,overcast clouds,91,19.57,19.57,91,3.35
542,PT,Seara,1657450139,41.1818,-7.8003,clear sky,17,35.27,35.27,0,1.74
543,CD,Tshikapa,1657450139,-6.4167,20.8,broken clouds,15,36.2,36.2,52,1.73
544,BO,Montero,1657450139,-17.3333,-63.25,scattered clouds,59,23.5,23.5,35,4.69
545,TM,Bereket,1657450139,39.2446,55.5154,clear sky,11,38.38,38.38,0,7.02
546,BR,Coari,1657450139,-4.085,-63.1414,broken clouds,97,22.36,22.36,78,0.82
547,RU,Zhigansk,1657450139,66.7697,123.3711,overcast clouds,51,17.66,17.66,100,0.29
548,IT,Oga,1657450139,46.4631,10.347,few clouds,42,15.72,23.78,11,3.34
549,CU,Yara,1657450140,20.2753,-76.9533,overcast clouds,90,23.51,23.51,89,1.01
550,CA,Témiscaming,1657450140,46.7212,-79.0971,scattered clouds,94,12.73,13.75,37,1.54
551,CV,São Filipe,1657450140,14.8961,-24.4956,scattered clouds,80,23.84,23.84,45,2.02
552,EG,Maţāy,1657450140,28.419,30.7792,clear sky,19,37.51,37.51,3,5.29
553,CA,Aklavik,1657450140,68.2191,-135.0107,broken clouds,90,6.75,6.75,75,6.16
554,GB,Macduff,1657450140,57.6701,-2.4969,scattered clouds,79,23.21,24.2,32,4.64
555,US,Billings Metropolitan Area,1657450140,45.7833,-108.5007,clear sky,73,16.44,17.87,0,0.45
556,CM,Sangmélima,1657450140,2.9333,11.9833,broken clouds,60,26.83,26.83,51,2.34
557,BR,Canindé,1657450140,-4.3589,-39.3117,few clouds,74,24.27,24.27,21,4.99
558,CU,Santa Cruz del Sur,1657450140,20.7147,-77.9956,few clouds,90,24.58,24.58,24,3.53
559,GB,Lerwick,1657450140,60.1545,-1.1494,overcast clouds,97,12,12,100,6.1
560,US,Saint Anthony,1657450141,45.0205,-93.218,broken clouds,70,20.55,21.96,75,4.63
561,NZ,Tuatapere,1657450141,-46.1333,167.6833,few clouds,92,1.85,1.85,13,1.91
562,CA,Iqaluit,1657450141,63.7506,-68.5145,mist,93,2.61,2.85,100,2.06
563,AU,Kununurra,1657449845,-15.7667,128.7333,few clouds,63,15.99,15.99,24,1.54
564,GL,Maniitsoq,1657450141,65.4167,-52.9,overcast clouds,90,4.01,4.01,100,2.49
565,IR,Dārāb,1657450141,28.7519,54.5444,clear sky,21,40,40,9,4.87
566,ID,Tambun,1657450141,-6.2641,107.0712,broken clouds,68,28.94,28.94,75,3.19
567,US,Ceres,1657450141,37.5949,-120.9577,clear sky,75,18.13,18.36,0,2.83
568,JP,Saga,1657450141,33.2493,130.2988,broken clouds,55,30.16,30.58,75,4.12
